product,sales,region
P0,67.65152509106757,R1
P1,45.169610364789605,R1
P2,89.99503850787974,R3
P3,94.53605663354921,R2
P4,91.58879278657831,R1
